Sexo;Duración;Destino;Tipo de dato;Periodo;Total
Total;Total;Total;Porcentaje sobre personas de la categoría;2023;68,79
Total;Total;Total;Porcentaje sobre personas de la categoría;2022;65,37
Total;Total;Total;Porcentaje sobre personas de la categoría;2021;54,12
Total;Total;Total;Porcentaje sobre personas de la categoría;2020;63,95
Total;Total;Total;Porcentaje sobre personas de la categoría;2019;69,66
Total;Total;Total;Porcentaje sobre personas de la categoría;2018;67,37
Total;Total;Total;Porcentaje sobre personas de la categoría;2017;65,64
Total;Total;Total;Porcentaje sobre personas de la categoría;2016;65,73
Total;Total;Total;Porcentaje sobre personas de la categoría;2015;62,8
Total;Total;Total;Porcentaje sobre el total de viajeros;2023;100
Total;Total;Total;Porcentaje sobre el total de viajeros;2022;100
Total;Total;Total;Porcentaje sobre el total de viajeros;2021;100
Total;Total;Total;Porcentaje sobre el total de viajeros;2020;100
Total;Total;Total;Porcentaje sobre el total de viajeros;2019;100
Total;Total;Total;Porcentaje sobre el total de viajeros;2018;100
Total;Total;Total;Porcentaje sobre el total de viajeros;2017;100
Total;Total;Total;Porcentaje sobre el total de viajeros;2016;100
Total;Total;Total;Porcentaje sobre el total de viajeros;2015;100
Total;Total;Solo España;Porcentaje sobre personas de la categoría;2023;44,54
Total;Total;Solo España;Porcentaje sobre personas de la categoría;2022;47,59
Total;Total;Solo España;Porcentaje sobre personas de la categoría;2021;46,69
Total;Total;Solo España;Porcentaje sobre personas de la categoría;2020;44,6
Total;Total;Solo España;Porcentaje sobre personas de la categoría;2019;43,61
Total;Total;Solo España;Porcentaje sobre personas de la categoría;2018;43,09
Total;Total;Solo España;Porcentaje sobre personas de la categoría;2017;43,46
Total;Total;Solo España;Porcentaje sobre personas de la categoría;2016;45,13
Total;Total;Solo España;Porcentaje sobre personas de la categoría;2015;43,48
Total;Total;Solo España;Porcentaje sobre el total de viajeros;2023;64,75
Total;Total;Solo España;Porcentaje sobre el total de viajeros;2022;72,8
Total;Total;Solo España;Porcentaje sobre el total de viajeros;2021;86,27
Total;Total;Solo España;Porcentaje sobre el total de viajeros;2020;69,74
Total;Total;Solo España;Porcentaje sobre el total de viajeros;2019;62,61
Total;Total;Solo España;Porcentaje sobre el total de viajeros;2018;63,95
Total;Total;Solo España;Porcentaje sobre el total de viajeros;2017;66,21
Total;Total;Solo España;Porcentaje sobre el total de viajeros;2016;68,67
Total;Total;Solo España;Porcentaje sobre el total de viajeros;2015;69,23
Total;Total;Solo extranjero;Porcentaje sobre personas de la categoría;2023;5,3
Total;Total;Solo extranjero;Porcentaje sobre personas de la categoría;2022;3,98
Total;Total;Solo extranjero;Porcentaje sobre personas de la categoría;2021;2,27
Total;Total;Solo extranjero;Porcentaje sobre personas de la categoría;2020;4,12
Total;Total;Solo extranjero;Porcentaje sobre personas de la categoría;2019;5,73
Total;Total;Solo extranjero;Porcentaje sobre personas de la categoría;2018;5,68
Total;Total;Solo extranjero;Porcentaje sobre personas de la categoría;2017;5,38
Total;Total;Solo extranjero;Porcentaje sobre personas de la categoría;2016;5,28
Total;Total;Solo extranjero;Porcentaje sobre personas de la categoría;2015;5,18
Total;Total;Solo extranjero;Porcentaje sobre el total de viajeros;2023;7,71
Total;Total;Solo extranjero;Porcentaje sobre el total de viajeros;2022;6,08
Total;Total;Solo extranjero;Porcentaje sobre el total de viajeros;2021;4,19
Total;Total;Solo extranjero;Porcentaje sobre el total de viajeros;2020;6,44
Total;Total;Solo extranjero;Porcentaje sobre el total de viajeros;2019;8,23
Total;Total;Solo extranjero;Porcentaje sobre el total de viajeros;2018;8,42
Total;Total;Solo extranjero;Porcentaje sobre el total de viajeros;2017;8,19
Total;Total;Solo extranjero;Porcentaje sobre el total de viajeros;2016;8,03
Total;Total;Solo extranjero;Porcentaje sobre el total de viajeros;2015;8,25
Total;Total;España y extranjero;Porcentaje sobre personas de la categoría;2023;18,94
Total;Total;España y extranjero;Porcentaje sobre personas de la categoría;2022;13,81
Total;Total;España y extranjero;Porcentaje sobre personas de la categoría;2021;5,17
Total;Total;España y extranjero;Porcentaje sobre personas de la categoría;2020;15,23
Total;Total;España y extranjero;Porcentaje sobre personas de la categoría;2019;20,32
Total;Total;España y extranjero;Porcentaje sobre personas de la categoría;2018;18,61
Total;Total;España y extranjero;Porcentaje sobre personas de la categoría;2017;16,8
Total;Total;España y extranjero;Porcentaje sobre personas de la categoría;2016;15,32
Total;Total;España y extranjero;Porcentaje sobre personas de la categoría;2015;14,14
Total;Total;España y extranjero;Porcentaje sobre el total de viajeros;2023;27,54
Total;Total;España y extranjero;Porcentaje sobre el total de viajeros;2022;21,12
Total;Total;España y extranjero;Porcentaje sobre el total de viajeros;2021;9,55
Total;Total;España y extranjero;Porcentaje sobre el total de viajeros;2020;23,82
Total;Total;España y extranjero;Porcentaje sobre el total de viajeros;2019;29,17
Total;Total;España y extranjero;Porcentaje sobre el total de viajeros;2018;27,62
Total;Total;España y extranjero;Porcentaje sobre el total de viajeros;2017;25,6
Total;Total;España y extranjero;Porcentaje sobre el total de viajeros;2016;23,3
Total;Total;España y extranjero;Porcentaje sobre el total de viajeros;2015;22,52
Total;De 1 a 3 noches;Total;Porcentaje sobre personas de la categoría;2023;55,01
Total;De 1 a 3 noches;Total;Porcentaje sobre personas de la categoría;2022;52,1
Total;De 1 a 3 noches;Total;Porcentaje sobre personas de la categoría;2021;38,62
Total;De 1 a 3 noches;Total;Porcentaje sobre personas de la categoría;2020;48,61
Total;De 1 a 3 noches;Total;Porcentaje sobre personas de la categoría;2019;53,41
Total;De 1 a 3 noches;Total;Porcentaje sobre personas de la categoría;2018;49,42
Total;De 1 a 3 noches;Total;Porcentaje sobre personas de la categoría;2017;51,54
Total;De 1 a 3 noches;Total;Porcentaje sobre personas de la categoría;2016;47,26
Total;De 1 a 3 noches;Total;Porcentaje sobre personas de la categoría;2015;45,98
Total;De 1 a 3 noches;Total;Porcentaje sobre el total de viajeros;2023;79,97
Total;De 1 a 3 noches;Total;Porcentaje sobre el total de viajeros;2022;79,7
Total;De 1 a 3 noches;Total;Porcentaje sobre el total de viajeros;2021;71,36
Total;De 1 a 3 noches;Total;Porcentaje sobre el total de viajeros;2020;76,01
Total;De 1 a 3 noches;Total;Porcentaje sobre el total de viajeros;2019;76,67
Total;De 1 a 3 noches;Total;Porcentaje sobre el total de viajeros;2018;73,35
Total;De 1 a 3 noches;Total;Porcentaje sobre el total de viajeros;2017;78,51
Total;De 1 a 3 noches;Total;Porcentaje sobre el total de viajeros;2016;71,9
Total;De 1 a 3 noches;Total;Porcentaje sobre el total de viajeros;2015;73,22
Total;De 1 a 3 noches;Solo España;Porcentaje sobre personas de la categoría;2023;35,15
Total;De 1 a 3 noches;Solo España;Porcentaje sobre personas de la categoría;2022;37,49
Total;De 1 a 3 noches;Solo España;Porcentaje sobre personas de la categoría;2021;33,16
Total;De 1 a 3 noches;Solo España;Porcentaje sobre personas de la categoría;2020;33,31
Total;De 1 a 3 noches;Solo España;Porcentaje sobre personas de la categoría;2019;32,7
Total;De 1 a 3 noches;Solo España;Porcentaje sobre personas de la categoría;2018;30,9
Total;De 1 a 3 noches;Solo España;Porcentaje sobre personas de la categoría;2017;34,15
Total;De 1 a 3 noches;Solo España;Porcentaje sobre personas de la categoría;2016;32,36
Total;De 1 a 3 noches;Solo España;Porcentaje sobre personas de la categoría;2015;31,82
Total;De 1 a 3 noches;Solo España;Porcentaje sobre el total de viajeros;2023;51,1
Total;De 1 a 3 noches;Solo España;Porcentaje sobre el total de viajeros;2022;57,35
Total;De 1 a 3 noches;Solo España;Porcentaje sobre el total de viajeros;2021;61,27
Total;De 1 a 3 noches;Solo España;Porcentaje sobre el total de viajeros;2020;52,09
Total;De 1 a 3 noches;Solo España;Porcentaje sobre el total de viajeros;2019;46,95
Total;De 1 a 3 noches;Solo España;Porcentaje sobre el total de viajeros;2018;45,87
Total;De 1 a 3 noches;Solo España;Porcentaje sobre el total de viajeros;2017;52,02
Total;De 1 a 3 noches;Solo España;Porcentaje sobre el total de viajeros;2016;49,24
Total;De 1 a 3 noches;Solo España;Porcentaje sobre el total de viajeros;2015;50,67
Total;De 1 a 3 noches;Solo extranjero;Porcentaje sobre personas de la categoría;2023;2,32
Total;De 1 a 3 noches;Solo extranjero;Porcentaje sobre personas de la categoría;2022;1,66
Total;De 1 a 3 noches;Solo extranjero;Porcentaje sobre personas de la categoría;2021;0,83
Total;De 1 a 3 noches;Solo extranjero;Porcentaje sobre personas de la categoría;2020;1,52
Total;De 1 a 3 noches;Solo extranjero;Porcentaje sobre personas de la categoría;2019;2,1
Total;De 1 a 3 noches;Solo extranjero;Porcentaje sobre personas de la categoría;2018;1,92
Total;De 1 a 3 noches;Solo extranjero;Porcentaje sobre personas de la categoría;2017;1,81
Total;De 1 a 3 noches;Solo extranjero;Porcentaje sobre personas de la categoría;2016;1,26
Total;De 1 a 3 noches;Solo extranjero;Porcentaje sobre personas de la categoría;2015;1,56
Total;De 1 a 3 noches;Solo extranjero;Porcentaje sobre el total de viajeros;2023;3,37
Total;De 1 a 3 noches;Solo extranjero;Porcentaje sobre el total de viajeros;2022;2,55
Total;De 1 a 3 noches;Solo extranjero;Porcentaje sobre el total de viajeros;2021;1,54
Total;De 1 a 3 noches;Solo extranjero;Porcentaje sobre el total de viajeros;2020;2,37
Total;De 1 a 3 noches;Solo extranjero;Porcentaje sobre el total de viajeros;2019;3,01
Total;De 1 a 3 noches;Solo extranjero;Porcentaje sobre el total de viajeros;2018;2,85
Total;De 1 a 3 noches;Solo extranjero;Porcentaje sobre el total de viajeros;2017;2,76
Total;De 1 a 3 noches;Solo extranjero;Porcentaje sobre el total de viajeros;2016;1,91
Total;De 1 a 3 noches;Solo extranjero;Porcentaje sobre el total de viajeros;2015;2,49
Total;De 1 a 3 noches;España y extranjero;Porcentaje sobre personas de la categoría;2023;17,53
Total;De 1 a 3 noches;España y extranjero;Porcentaje sobre personas de la categoría;2022;12,95
Total;De 1 a 3 noches;España y extranjero;Porcentaje sobre personas de la categoría;2021;4,63
Total;De 1 a 3 noches;España y extranjero;Porcentaje sobre personas de la categoría;2020;13,78
Total;De 1 a 3 noches;España y extranjero;Porcentaje sobre personas de la categoría;2019;18,61
Total;De 1 a 3 noches;España y extranjero;Porcentaje sobre personas de la categoría;2018;16,59
Total;De 1 a 3 noches;España y extranjero;Porcentaje sobre personas de la categoría;2017;15,58
Total;De 1 a 3 noches;España y extranjero;Porcentaje sobre personas de la categoría;2016;13,64
Total;De 1 a 3 noches;España y extranjero;Porcentaje sobre personas de la categoría;2015;12,59
Total;De 1 a 3 noches;España y extranjero;Porcentaje sobre el total de viajeros;2023;25,49
Total;De 1 a 3 noches;España y extranjero;Porcentaje sobre el total de viajeros;2022;19,81
Total;De 1 a 3 noches;España y extranjero;Porcentaje sobre el total de viajeros;2021;8,55
Total;De 1 a 3 noches;España y extranjero;Porcentaje sobre el total de viajeros;2020;21,54
Total;De 1 a 3 noches;España y extranjero;Porcentaje sobre el total de viajeros;2019;26,71
Total;De 1 a 3 noches;España y extranjero;Porcentaje sobre el total de viajeros;2018;24,63
Total;De 1 a 3 noches;España y extranjero;Porcentaje sobre el total de viajeros;2017;23,74
Total;De 1 a 3 noches;España y extranjero;Porcentaje sobre el total de viajeros;2016;20,75
Total;De 1 a 3 noches;España y extranjero;Porcentaje sobre el total de viajeros;2015;20,06
Total;De 4 o más noches;Total;Porcentaje sobre personas de la categoría;2023;53,64
Total;De 4 o más noches;Total;Porcentaje sobre personas de la categoría;2022;49,25
Total;De 4 o más noches;Total;Porcentaje sobre personas de la categoría;2021;38,97
Total;De 4 o más noches;Total;Porcentaje sobre personas de la categoría;2020;48,96
Total;De 4 o más noches;Total;Porcentaje sobre personas de la categoría;2019;54,56
Total;De 4 o más noches;Total;Porcentaje sobre personas de la categoría;2018;52,72
Total;De 4 o más noches;Total;Porcentaje sobre personas de la categoría;2017;49,84
Total;De 4 o más noches;Total;Porcentaje sobre personas de la categoría;2016;50,46
Total;De 4 o más noches;Total;Porcentaje sobre personas de la categoría;2015;48
Total;De 4 o más noches;Total;Porcentaje sobre el total de viajeros;2023;77,98
Total;De 4 o más noches;Total;Porcentaje sobre el total de viajeros;2022;75,34
Total;De 4 o más noches;Total;Porcentaje sobre el total de viajeros;2021;72,01
Total;De 4 o más noches;Total;Porcentaje sobre el total de viajeros;2020;76,56
Total;De 4 o más noches;Total;Porcentaje sobre el total de viajeros;2019;78,32
Total;De 4 o más noches;Total;Porcentaje sobre el total de viajeros;2018;78,25
Total;De 4 o más noches;Total;Porcentaje sobre el total de viajeros;2017;75,93
Total;De 4 o más noches;Total;Porcentaje sobre el total de viajeros;2016;76,77
Total;De 4 o más noches;Total;Porcentaje sobre el total de viajeros;2015;76,44
Total;De 4 o más noches;Solo España;Porcentaje sobre personas de la categoría;2023;31,66
Total;De 4 o más noches;Solo España;Porcentaje sobre personas de la categoría;2022;33,31
Total;De 4 o más noches;Solo España;Porcentaje sobre personas de la categoría;2021;32,45
Total;De 4 o más noches;Solo España;Porcentaje sobre personas de la categoría;2020;31,37
Total;De 4 o más noches;Solo España;Porcentaje sobre personas de la categoría;2019;30,65
Total;De 4 o más noches;Solo España;Porcentaje sobre personas de la categoría;2018;30,44
Total;De 4 o más noches;Solo España;Porcentaje sobre personas de la categoría;2017;29,54
Total;De 4 o más noches;Solo España;Porcentaje sobre personas de la categoría;2016;31,36
Total;De 4 o más noches;Solo España;Porcentaje sobre personas de la categoría;2015;30,15
Total;De 4 o más noches;Solo España;Porcentaje sobre el total de viajeros;2023;46,02
Total;De 4 o más noches;Solo España;Porcentaje sobre el total de viajeros;2022;50,95
Total;De 4 o más noches;Solo España;Porcentaje sobre el total de viajeros;2021;59,95
Total;De 4 o más noches;Solo España;Porcentaje sobre el total de viajeros;2020;49,05
Total;De 4 o más noches;Solo España;Porcentaje sobre el total de viajeros;2019;44
Total;De 4 o más noches;Solo España;Porcentaje sobre el total de viajeros;2018;45,18
Total;De 4 o más noches;Solo España;Porcentaje sobre el total de viajeros;2017;45
Total;De 4 o más noches;Solo España;Porcentaje sobre el total de viajeros;2016;47,71
Total;De 4 o más noches;Solo España;Porcentaje sobre el total de viajeros;2015;48,02
Total;De 4 o más noches;Solo extranjero;Porcentaje sobre personas de la categoría;2023;4,33
Total;De 4 o más noches;Solo extranjero;Porcentaje sobre personas de la categoría;2022;3,31
Total;De 4 o más noches;Solo extranjero;Porcentaje sobre personas de la categoría;2021;1,74
Total;De 4 o más noches;Solo extranjero;Porcentaje sobre personas de la categoría;2020;3,31
Total;De 4 o más noches;Solo extranjero;Porcentaje sobre personas de la categoría;2019;4,68
Total;De 4 o más noches;Solo extranjero;Porcentaje sobre personas de la categoría;2018;4,74
Total;De 4 o más noches;Solo extranjero;Porcentaje sobre personas de la categoría;2017;4,62
Total;De 4 o más noches;Solo extranjero;Porcentaje sobre personas de la categoría;2016;4,5
Total;De 4 o más noches;Solo extranjero;Porcentaje sobre personas de la categoría;2015;4,47
Total;De 4 o más noches;Solo extranjero;Porcentaje sobre el total de viajeros;2023;6,3
Total;De 4 o más noches;Solo extranjero;Porcentaje sobre el total de viajeros;2022;5,06
Total;De 4 o más noches;Solo extranjero;Porcentaje sobre el total de viajeros;2021;3,21
Total;De 4 o más noches;Solo extranjero;Porcentaje sobre el total de viajeros;2020;5,18
Total;De 4 o más noches;Solo extranjero;Porcentaje sobre el total de viajeros;2019;6,71
Total;De 4 o más noches;Solo extranjero;Porcentaje sobre el total de viajeros;2018;7,03
Total;De 4 o más noches;Solo extranjero;Porcentaje sobre el total de viajeros;2017;7,04
Total;De 4 o más noches;Solo extranjero;Porcentaje sobre el total de viajeros;2016;6,85
Total;De 4 o más noches;Solo extranjero;Porcentaje sobre el total de viajeros;2015;7,12
Total;De 4 o más noches;España y extranjero;Porcentaje sobre personas de la categoría;2023;17,65
Total;De 4 o más noches;España y extranjero;Porcentaje sobre personas de la categoría;2022;12,63
Total;De 4 o más noches;España y extranjero;Porcentaje sobre personas de la categoría;2021;4,79
Total;De 4 o más noches;España y extranjero;Porcentaje sobre personas de la categoría;2020;14,28
Total;De 4 o más noches;España y extranjero;Porcentaje sobre personas de la categoría;2019;19,23
Total;De 4 o más noches;España y extranjero;Porcentaje sobre personas de la categoría;2018;17,55
Total;De 4 o más noches;España y extranjero;Porcentaje sobre personas de la categoría;2017;15,68
Total;De 4 o más noches;España y extranjero;Porcentaje sobre personas de la categoría;2016;14,6
Total;De 4 o más noches;España y extranjero;Porcentaje sobre personas de la categoría;2015;13,38
Total;De 4 o más noches;España y extranjero;Porcentaje sobre el total de viajeros;2023;25,65
Total;De 4 o más noches;España y extranjero;Porcentaje sobre el total de viajeros;2022;19,32
Total;De 4 o más noches;España y extranjero;Porcentaje sobre el total de viajeros;2021;8,85
Total;De 4 o más noches;España y extranjero;Porcentaje sobre el total de viajeros;2020;22,33
Total;De 4 o más noches;España y extranjero;Porcentaje sobre el total de viajeros;2019;27,61
Total;De 4 o más noches;España y extranjero;Porcentaje sobre el total de viajeros;2018;26,04
Total;De 4 o más noches;España y extranjero;Porcentaje sobre el total de viajeros;2017;23,89
Total;De 4 o más noches;España y extranjero;Porcentaje sobre el total de viajeros;2016;22,21
Total;De 4 o más noches;España y extranjero;Porcentaje sobre el total de viajeros;2015;21,3
Hombres;Total;Total;Porcentaje sobre personas de la categoría;2023;67,77
Hombres;Total;Total;Porcentaje sobre personas de la categoría;2022;63,81
Hombres;Total;Total;Porcentaje sobre personas de la categoría;2021;54,45
Hombres;Total;Total;Porcentaje sobre personas de la categoría;2020;64,16
Hombres;Total;Total;Porcentaje sobre personas de la categoría;2019;69,64
Hombres;Total;Total;Porcentaje sobre personas de la categoría;2018;67,26
Hombres;Total;Total;Porcentaje sobre personas de la categoría;2017;64,89
Hombres;Total;Total;Porcentaje sobre personas de la categoría;2016;64,94
Hombres;Total;Total;Porcentaje sobre personas de la categoría;2015;62,6
Hombres;Total;Total;Porcentaje sobre el total de viajeros;2023;48,24
Hombres;Total;Total;Porcentaje sobre el total de viajeros;2022;47,45
Hombres;Total;Total;Porcentaje sobre el total de viajeros;2021;49,84
Hombres;Total;Total;Porcentaje sobre el total de viajeros;2020;49,38
Hombres;Total;Total;Porcentaje sobre el total de viajeros;2019;49,3
Hombres;Total;Total;Porcentaje sobre el total de viajeros;2018;49,33
Hombres;Total;Total;Porcentaje sobre el total de viajeros;2017;48,76
Hombres;Total;Total;Porcentaje sobre el total de viajeros;2016;48,84
Hombres;Total;Total;Porcentaje sobre el total de viajeros;2015;49,19
Hombres;Total;Solo España;Porcentaje sobre personas de la categoría;2023;44,17
Hombres;Total;Solo España;Porcentaje sobre personas de la categoría;2022;46,76
Hombres;Total;Solo España;Porcentaje sobre personas de la categoría;2021;46,06
Hombres;Total;Solo España;Porcentaje sobre personas de la categoría;2020;45,36
Hombres;Total;Solo España;Porcentaje sobre personas de la categoría;2019;43,94
Hombres;Total;Solo España;Porcentaje sobre personas de la categoría;2018;42,92
Hombres;Total;Solo España;Porcentaje sobre personas de la categoría;2017;43,8
Hombres;Total;Solo España;Porcentaje sobre personas de la categoría;2016;44,95
Hombres;Total;Solo España;Porcentaje sobre personas de la categoría;2015;43,84
Hombres;Total;Solo España;Porcentaje sobre el total de viajeros;2023;31,44
Hombres;Total;Solo España;Porcentaje sobre el total de viajeros;2022;34,77
Hombres;Total;Solo España;Porcentaje sobre el total de viajeros;2021;42,16
Hombres;Total;Solo España;Porcentaje sobre el total de viajeros;2020;34,91
Hombres;Total;Solo España;Porcentaje sobre el total de viajeros;2019;31,11
Hombres;Total;Solo España;Porcentaje sobre el total de viajeros;2018;31,48
Hombres;Total;Solo España;Porcentaje sobre el total de viajeros;2017;32,91
Hombres;Total;Solo España;Porcentaje sobre el total de viajeros;2016;33,81
Hombres;Total;Solo España;Porcentaje sobre el total de viajeros;2015;34,45
Hombres;Total;Solo extranjero;Porcentaje sobre personas de la categoría;2023;4,96
Hombres;Total;Solo extranjero;Porcentaje sobre personas de la categoría;2022;3,64
Hombres;Total;Solo extranjero;Porcentaje sobre personas de la categoría;2021;2,41
Hombres;Total;Solo extranjero;Porcentaje sobre personas de la categoría;2020;4,25
Hombres;Total;Solo extranjero;Porcentaje sobre personas de la categoría;2019;6,01
Hombres;Total;Solo extranjero;Porcentaje sobre personas de la categoría;2018;5,35
Hombres;Total;Solo extranjero;Porcentaje sobre personas de la categoría;2017;5,53
Hombres;Total;Solo extranjero;Porcentaje sobre personas de la categoría;2016;5,26
Hombres;Total;Solo extranjero;Porcentaje sobre personas de la categoría;2015;4,88
Hombres;Total;Solo extranjero;Porcentaje sobre el total de viajeros;2023;3,53
Hombres;Total;Solo extranjero;Porcentaje sobre el total de viajeros;2022;2,7
Hombres;Total;Solo extranjero;Porcentaje sobre el total de viajeros;2021;2,2
Hombres;Total;Solo extranjero;Porcentaje sobre el total de viajeros;2020;3,27
Hombres;Total;Solo extranjero;Porcentaje sobre el total de viajeros;2019;4,25
Hombres;Total;Solo extranjero;Porcentaje sobre el total de viajeros;2018;3,92
Hombres;Total;Solo extranjero;Porcentaje sobre el total de viajeros;2017;4,16
Hombres;Total;Solo extranjero;Porcentaje sobre el total de viajeros;2016;3,95
Hombres;Total;Solo extranjero;Porcentaje sobre el total de viajeros;2015;3,83
Hombres;Total;España y extranjero;Porcentaje sobre personas de la categoría;2023;18,65
Hombres;Total;España y extranjero;Porcentaje sobre personas de la categoría;2022;13,41
Hombres;Total;España y extranjero;Porcentaje sobre personas de la categoría;2021;5,98
Hombres;Total;España y extranjero;Porcentaje sobre personas de la categoría;2020;14,55
Hombres;Total;España y extranjero;Porcentaje sobre personas de la categoría;2019;19,69
Hombres;Total;España y extranjero;Porcentaje sobre personas de la categoría;2018;18,99
Hombres;Total;España y extranjero;Porcentaje sobre personas de la categoría;2017;15,56
Hombres;Total;España y extranjero;Porcentaje sobre personas de la categoría;2016;14,73
Hombres;Total;España y extranjero;Porcentaje sobre personas de la categoría;2015;13,89
Hombres;Total;España y extranjero;Porcentaje sobre el total de viajeros;2023;13,27
Hombres;Total;España y extranjero;Porcentaje sobre el total de viajeros;2022;9,98
Hombres;Total;España y extranjero;Porcentaje sobre el total de viajeros;2021;5,48
Hombres;Total;España y extranjero;Porcentaje sobre el total de viajeros;2020;11,2
Hombres;Total;España y extranjero;Porcentaje sobre el total de viajeros;2019;13,94
Hombres;Total;España y extranjero;Porcentaje sobre el total de viajeros;2018;13,93
Hombres;Total;España y extranjero;Porcentaje sobre el total de viajeros;2017;11,69
Hombres;Total;España y extranjero;Porcentaje sobre el total de viajeros;2016;11,08
Hombres;Total;España y extranjero;Porcentaje sobre el total de viajeros;2015;10,91
Hombres;De 1 a 3 noches;Total;Porcentaje sobre personas de la categoría;2023;54,31
Hombres;De 1 a 3 noches;Total;Porcentaje sobre personas de la categoría;2022;50,99
Hombres;De 1 a 3 noches;Total;Porcentaje sobre personas de la categoría;2021;40,53
Hombres;De 1 a 3 noches;Total;Porcentaje sobre personas de la categoría;2020;49,08
Hombres;De 1 a 3 noches;Total;Porcentaje sobre personas de la categoría;2019;53,54
Hombres;De 1 a 3 noches;Total;Porcentaje sobre personas de la categoría;2018;49,68
Hombres;De 1 a 3 noches;Total;Porcentaje sobre personas de la categoría;2017;51,47
Hombres;De 1 a 3 noches;Total;Porcentaje sobre personas de la categoría;2016;47,27
Hombres;De 1 a 3 noches;Total;Porcentaje sobre personas de la categoría;2015;46,77
Hombres;De 1 a 3 noches;Total;Porcentaje sobre el total de viajeros;2023;38,66
Hombres;De 1 a 3 noches;Total;Porcentaje sobre el total de viajeros;2022;37,92
Hombres;De 1 a 3 noches;Total;Porcentaje sobre el total de viajeros;2021;37,09
Hombres;De 1 a 3 noches;Total;Porcentaje sobre el total de viajeros;2020;37,77
Hombres;De 1 a 3 noches;Total;Porcentaje sobre el total de viajeros;2019;37,9
Hombres;De 1 a 3 noches;Total;Porcentaje sobre el total de viajeros;2018;36,44
Hombres;De 1 a 3 noches;Total;Porcentaje sobre el total de viajeros;2017;38,68
Hombres;De 1 a 3 noches;Total;Porcentaje sobre el total de viajeros;2016;35,55
Hombres;De 1 a 3 noches;Total;Porcentaje sobre el total de viajeros;2015;36,75
Hombres;De 1 a 3 noches;Solo España;Porcentaje sobre personas de la categoría;2023;34,98
Hombres;De 1 a 3 noches;Solo España;Porcentaje sobre personas de la categoría;2022;36,82
Hombres;De 1 a 3 noches;Solo España;Porcentaje sobre personas de la categoría;2021;34,11
Hombres;De 1 a 3 noches;Solo España;Porcentaje sobre personas de la categoría;2020;34,32
Hombres;De 1 a 3 noches;Solo España;Porcentaje sobre personas de la categoría;2019;33,62
Hombres;De 1 a 3 noches;Solo España;Porcentaje sobre personas de la categoría;2018;31,03
Hombres;De 1 a 3 noches;Solo España;Porcentaje sobre personas de la categoría;2017;35,11
Hombres;De 1 a 3 noches;Solo España;Porcentaje sobre personas de la categoría;2016;32,69
Hombres;De 1 a 3 noches;Solo España;Porcentaje sobre personas de la categoría;2015;32,74
Hombres;De 1 a 3 noches;Solo España;Porcentaje sobre el total de viajeros;2023;24,9
Hombres;De 1 a 3 noches;Solo España;Porcentaje sobre el total de viajeros;2022;27,38
Hombres;De 1 a 3 noches;Solo España;Porcentaje sobre el total de viajeros;2021;31,22
Hombres;De 1 a 3 noches;Solo España;Porcentaje sobre el total de viajeros;2020;26,41
Hombres;De 1 a 3 noches;Solo España;Porcentaje sobre el total de viajeros;2019;23,8
Hombres;De 1 a 3 noches;Solo España;Porcentaje sobre el total de viajeros;2018;22,76
Hombres;De 1 a 3 noches;Solo España;Porcentaje sobre el total de viajeros;2017;26,39
Hombres;De 1 a 3 noches;Solo España;Porcentaje sobre el total de viajeros;2016;24,59
Hombres;De 1 a 3 noches;Solo España;Porcentaje sobre el total de viajeros;2015;25,73
Hombres;De 1 a 3 noches;Solo extranjero;Porcentaje sobre personas de la categoría;2023;2,06
Hombres;De 1 a 3 noches;Solo extranjero;Porcentaje sobre personas de la categoría;2022;1,44
Hombres;De 1 a 3 noches;Solo extranjero;Porcentaje sobre personas de la categoría;2021;1,02
Hombres;De 1 a 3 noches;Solo extranjero;Porcentaje sobre personas de la categoría;2020;1,52
Hombres;De 1 a 3 noches;Solo extranjero;Porcentaje sobre personas de la categoría;2019;2,11
Hombres;De 1 a 3 noches;Solo extranjero;Porcentaje sobre personas de la categoría;2018;1,8
Hombres;De 1 a 3 noches;Solo extranjero;Porcentaje sobre personas de la categoría;2017;1,84
Hombres;De 1 a 3 noches;Solo extranjero;Porcentaje sobre personas de la categoría;2016;1,28
Hombres;De 1 a 3 noches;Solo extranjero;Porcentaje sobre personas de la categoría;2015;1,5
Hombres;De 1 a 3 noches;Solo extranjero;Porcentaje sobre el total de viajeros;2023;1,47
Hombres;De 1 a 3 noches;Solo extranjero;Porcentaje sobre el total de viajeros;2022;1,07
Hombres;De 1 a 3 noches;Solo extranjero;Porcentaje sobre el total de viajeros;2021;0,93
Hombres;De 1 a 3 noches;Solo extranjero;Porcentaje sobre el total de viajeros;2020;1,17
Hombres;De 1 a 3 noches;Solo extranjero;Porcentaje sobre el total de viajeros;2019;1,49
Hombres;De 1 a 3 noches;Solo extranjero;Porcentaje sobre el total de viajeros;2018;1,32
Hombres;De 1 a 3 noches;Solo extranjero;Porcentaje sobre el total de viajeros;2017;1,39
Hombres;De 1 a 3 noches;Solo extranjero;Porcentaje sobre el total de viajeros;2016;0,96
Hombres;De 1 a 3 noches;Solo extranjero;Porcentaje sobre el total de viajeros;2015;1,18
Hombres;De 1 a 3 noches;España y extranjero;Porcentaje sobre personas de la categoría;2023;17,27
Hombres;De 1 a 3 noches;España y extranjero;Porcentaje sobre personas de la categoría;2022;12,72
Hombres;De 1 a 3 noches;España y extranjero;Porcentaje sobre personas de la categoría;2021;5,4
Hombres;De 1 a 3 noches;España y extranjero;Porcentaje sobre personas de la categoría;2020;13,24
Hombres;De 1 a 3 noches;España y extranjero;Porcentaje sobre personas de la categoría;2019;17,81
Hombres;De 1 a 3 noches;España y extranjero;Porcentaje sobre personas de la categoría;2018;16,85
Hombres;De 1 a 3 noches;España y extranjero;Porcentaje sobre personas de la categoría;2017;14,51
Hombres;De 1 a 3 noches;España y extranjero;Porcentaje sobre personas de la categoría;2016;13,3
Hombres;De 1 a 3 noches;España y extranjero;Porcentaje sobre personas de la categoría;2015;12,52
Hombres;De 1 a 3 noches;España y extranjero;Porcentaje sobre el total de viajeros;2023;12,3
Hombres;De 1 a 3 noches;España y extranjero;Porcentaje sobre el total de viajeros;2022;9,46
Hombres;De 1 a 3 noches;España y extranjero;Porcentaje sobre el total de viajeros;2021;4,94
Hombres;De 1 a 3 noches;España y extranjero;Porcentaje sobre el total de viajeros;2020;10,19
Hombres;De 1 a 3 noches;España y extranjero;Porcentaje sobre el total de viajeros;2019;12,61
Hombres;De 1 a 3 noches;España y extranjero;Porcentaje sobre el total de viajeros;2018;12,36
Hombres;De 1 a 3 noches;España y extranjero;Porcentaje sobre el total de viajeros;2017;10,9
Hombres;De 1 a 3 noches;España y extranjero;Porcentaje sobre el total de viajeros;2016;10
Hombres;De 1 a 3 noches;España y extranjero;Porcentaje sobre el total de viajeros;2015;9,84
Hombres;De 4 o más noches;Total;Porcentaje sobre personas de la categoría;2023;52,33
Hombres;De 4 o más noches;Total;Porcentaje sobre personas de la categoría;2022;48,07
Hombres;De 4 o más noches;Total;Porcentaje sobre personas de la categoría;2021;38,19
Hombres;De 4 o más noches;Total;Porcentaje sobre personas de la categoría;2020;48,86
Hombres;De 4 o más noches;Total;Porcentaje sobre personas de la categoría;2019;53,65
Hombres;De 4 o más noches;Total;Porcentaje sobre personas de la categoría;2018;52,07
Hombres;De 4 o más noches;Total;Porcentaje sobre personas de la categoría;2017;48,16
Hombres;De 4 o más noches;Total;Porcentaje sobre personas de la categoría;2016;49,16
Hombres;De 4 o más noches;Total;Porcentaje sobre personas de la categoría;2015;47,25
Hombres;De 4 o más noches;Total;Porcentaje sobre el total de viajeros;2023;37,25
Hombres;De 4 o más noches;Total;Porcentaje sobre el total de viajeros;2022;35,75
Hombres;De 4 o más noches;Total;Porcentaje sobre el total de viajeros;2021;34,95
Hombres;De 4 o más noches;Total;Porcentaje sobre el total de viajeros;2020;37,6
Hombres;De 4 o más noches;Total;Porcentaje sobre el total de viajeros;2019;37,98
Hombres;De 4 o más noches;Total;Porcentaje sobre el total de viajeros;2018;38,19
Hombres;De 4 o más noches;Total;Porcentaje sobre el total de viajeros;2017;36,19
Hombres;De 4 o más noches;Total;Porcentaje sobre el total de viajeros;2016;36,97
Hombres;De 4 o más noches;Total;Porcentaje sobre el total de viajeros;2015;37,13
Hombres;De 4 o más noches;Solo España;Porcentaje sobre personas de la categoría;2023;31,03
Hombres;De 4 o más noches;Solo España;Porcentaje sobre personas de la categoría;2022;32,97
Hombres;De 4 o más noches;Solo España;Porcentaje sobre personas de la categoría;2021;30,9
Hombres;De 4 o más noches;Solo España;Porcentaje sobre personas de la categoría;2020;31,97
Hombres;De 4 o más noches;Solo España;Porcentaje sobre personas de la categoría;2019;30,24
Hombres;De 4 o más noches;Solo España;Porcentaje sobre personas de la categoría;2018;29,69
Hombres;De 4 o más noches;Solo España;Porcentaje sobre personas de la categoría;2017;28,91
Hombres;De 4 o más noches;Solo España;Porcentaje sobre personas de la categoría;2016;30,92
Hombres;De 4 o más noches;Solo España;Porcentaje sobre personas de la categoría;2015;30,04
Hombres;De 4 o más noches;Solo España;Porcentaje sobre el total de viajeros;2023;22,09
Hombres;De 4 o más noches;Solo España;Porcentaje sobre el total de viajeros;2022;24,52
Hombres;De 4 o más noches;Solo España;Porcentaje sobre el total de viajeros;2021;28,28
Hombres;De 4 o más noches;Solo España;Porcentaje sobre el total de viajeros;2020;24,6
Hombres;De 4 o más noches;Solo España;Porcentaje sobre el total de viajeros;2019;21,4
Hombres;De 4 o más noches;Solo España;Porcentaje sobre el total de viajeros;2018;21,78
Hombres;De 4 o más noches;Solo España;Porcentaje sobre el total de viajeros;2017;21,72
Hombres;De 4 o más noches;Solo España;Porcentaje sobre el total de viajeros;2016;23,26
Hombres;De 4 o más noches;Solo España;Porcentaje sobre el total de viajeros;2015;23,6
Hombres;De 4 o más noches;Solo extranjero;Porcentaje sobre personas de la categoría;2023;4,09
Hombres;De 4 o más noches;Solo extranjero;Porcentaje sobre personas de la categoría;2022;2,99
Hombres;De 4 o más noches;Solo extranjero;Porcentaje sobre personas de la categoría;2021;1,71
Hombres;De 4 o más noches;Solo extranjero;Porcentaje sobre personas de la categoría;2020;3,51
Hombres;De 4 o más noches;Solo extranjero;Porcentaje sobre personas de la categoría;2019;4,87
Hombres;De 4 o más noches;Solo extranjero;Porcentaje sobre personas de la categoría;2018;4,55
Hombres;De 4 o más noches;Solo extranjero;Porcentaje sobre personas de la categoría;2017;4,83
Hombres;De 4 o más noches;Solo extranjero;Porcentaje sobre personas de la categoría;2016;4,37
Hombres;De 4 o más noches;Solo extranjero;Porcentaje sobre personas de la categoría;2015;4,14
Hombres;De 4 o más noches;Solo extranjero;Porcentaje sobre el total de viajeros;2023;2,91
Hombres;De 4 o más noches;Solo extranjero;Porcentaje sobre el total de viajeros;2022;2,23
Hombres;De 4 o más noches;Solo extranjero;Porcentaje sobre el total de viajeros;2021;1,57
Hombres;De 4 o más noches;Solo extranjero;Porcentaje sobre el total de viajeros;2020;2,7
Hombres;De 4 o más noches;Solo extranjero;Porcentaje sobre el total de viajeros;2019;3,45
Hombres;De 4 o más noches;Solo extranjero;Porcentaje sobre el total de viajeros;2018;3,34
Hombres;De 4 o más noches;Solo extranjero;Porcentaje sobre el total de viajeros;2017;3,63
Hombres;De 4 o más noches;Solo extranjero;Porcentaje sobre el total de viajeros;2016;3,29
Hombres;De 4 o más noches;Solo extranjero;Porcentaje sobre el total de viajeros;2015;3,25
Hombres;De 4 o más noches;España y extranjero;Porcentaje sobre personas de la categoría;2023;17,21
Hombres;De 4 o más noches;España y extranjero;Porcentaje sobre personas de la categoría;2022;12,1
Hombres;De 4 o más noches;España y extranjero;Porcentaje sobre personas de la categoría;2021;5,57
Hombres;De 4 o más noches;España y extranjero;Porcentaje sobre personas de la categoría;2020;13,38
Hombres;De 4 o más noches;España y extranjero;Porcentaje sobre personas de la categoría;2019;18,54
Hombres;De 4 o más noches;España y extranjero;Porcentaje sobre personas de la categoría;2018;17,82
Hombres;De 4 o más noches;España y extranjero;Porcentaje sobre personas de la categoría;2017;14,42
Hombres;De 4 o más noches;España y extranjero;Porcentaje sobre personas de la categoría;2016;13,87
Hombres;De 4 o más noches;España y extranjero;Porcentaje sobre personas de la categoría;2015;13,08
Hombres;De 4 o más noches;España y extranjero;Porcentaje sobre el total de viajeros;2023;12,25
Hombres;De 4 o más noches;España y extranjero;Porcentaje sobre el total de viajeros;2022;9
Hombres;De 4 o más noches;España y extranjero;Porcentaje sobre el total de viajeros;2021;5,1
Hombres;De 4 o más noches;España y extranjero;Porcentaje sobre el total de viajeros;2020;10,3
Hombres;De 4 o más noches;España y extranjero;Porcentaje sobre el total de viajeros;2019;13,13
Hombres;De 4 o más noches;España y extranjero;Porcentaje sobre el total de viajeros;2018;13,07
Hombres;De 4 o más noches;España y extranjero;Porcentaje sobre el total de viajeros;2017;10,84
Hombres;De 4 o más noches;España y extranjero;Porcentaje sobre el total de viajeros;2016;10,43
Hombres;De 4 o más noches;España y extranjero;Porcentaje sobre el total de viajeros;2015;10,28
Mujeres;Total;Total;Porcentaje sobre personas de la categoría;2023;69,76
Mujeres;Total;Total;Porcentaje sobre personas de la categoría;2022;66,84
Mujeres;Total;Total;Porcentaje sobre personas de la categoría;2021;53,8
Mujeres;Total;Total;Porcentaje sobre personas de la categoría;2020;63,75
Mujeres;Total;Total;Porcentaje sobre personas de la categoría;2019;69,68
Mujeres;Total;Total;Porcentaje sobre personas de la categoría;2018;67,49
Mujeres;Total;Total;Porcentaje sobre personas de la categoría;2017;66,38
Mujeres;Total;Total;Porcentaje sobre personas de la categoría;2016;66,49
Mujeres;Total;Total;Porcentaje sobre personas de la categoría;2015;62,99
Mujeres;Total;Total;Porcentaje sobre el total de viajeros;2023;51,76
Mujeres;Total;Total;Porcentaje sobre el total de viajeros;2022;52,55
Mujeres;Total;Total;Porcentaje sobre el total de viajeros;2021;50,16
Mujeres;Total;Total;Porcentaje sobre el total de viajeros;2020;50,62
Mujeres;Total;Total;Porcentaje sobre el total de viajeros;2019;50,7
Mujeres;Total;Total;Porcentaje sobre el total de viajeros;2018;50,67
Mujeres;Total;Total;Porcentaje sobre el total de viajeros;2017;51,24
Mujeres;Total;Total;Porcentaje sobre el total de viajeros;2016;51,16
Mujeres;Total;Total;Porcentaje sobre el total de viajeros;2015;50,81
Mujeres;Total;Solo España;Porcentaje sobre personas de la categoría;2023;44,9
Mujeres;Total;Solo España;Porcentaje sobre personas de la categoría;2022;48,37
Mujeres;Total;Solo España;Porcentaje sobre personas de la categoría;2021;47,31
Mujeres;Total;Solo España;Porcentaje sobre personas de la categoría;2020;43,86
Mujeres;Total;Solo España;Porcentaje sobre personas de la categoría;2019;43,29
Mujeres;Total;Solo España;Porcentaje sobre personas de la categoría;2018;43,25
Mujeres;Total;Solo España;Porcentaje sobre personas de la categoría;2017;43,14
Mujeres;Total;Solo España;Porcentaje sobre personas de la categoría;2016;45,3
Mujeres;Total;Solo España;Porcentaje sobre personas de la categoría;2015;43,12
Mujeres;Total;Solo España;Porcentaje sobre el total de viajeros;2023;33,31
Mujeres;Total;Solo España;Porcentaje sobre el total de viajeros;2022;38,02
Mujeres;Total;Solo España;Porcentaje sobre el total de viajeros;2021;44,11
Mujeres;Total;Solo España;Porcentaje sobre el total de viajeros;2020;34,83
Mujeres;Total;Solo España;Porcentaje sobre el total de viajeros;2019;31,5
Mujeres;Total;Solo España;Porcentaje sobre el total de viajeros;2018;32,47
Mujeres;Total;Solo España;Porcentaje sobre el total de viajeros;2017;33,3
Mujeres;Total;Solo España;Porcentaje sobre el total de viajeros;2016;34,86
Mujeres;Total;Solo España;Porcentaje sobre el total de viajeros;2015;34,78
Mujeres;Total;Solo extranjero;Porcentaje sobre personas de la categoría;2023;5,64
Mujeres;Total;Solo extranjero;Porcentaje sobre personas de la categoría;2022;4,3
Mujeres;Total;Solo extranjero;Porcentaje sobre personas de la categoría;2021;2,13
Mujeres;Total;Solo extranjero;Porcentaje sobre personas de la categoría;2020;3,99
Mujeres;Total;Solo extranjero;Porcentaje sobre personas de la categoría;2019;5,46
Mujeres;Total;Solo extranjero;Porcentaje sobre personas de la categoría;2018;6
Mujeres;Total;Solo extranjero;Porcentaje sobre personas de la categoría;2017;5,23
Mujeres;Total;Solo extranjero;Porcentaje sobre personas de la categoría;2016;5,3
Mujeres;Total;Solo extranjero;Porcentaje sobre personas de la categoría;2015;5,47
Mujeres;Total;Solo extranjero;Porcentaje sobre el total de viajeros;2023;4,18
Mujeres;Total;Solo extranjero;Porcentaje sobre el total de viajeros;2022;3,38
Mujeres;Total;Solo extranjero;Porcentaje sobre el total de viajeros;2021;1,98
Mujeres;Total;Solo extranjero;Porcentaje sobre el total de viajeros;2020;3,17
Mujeres;Total;Solo extranjero;Porcentaje sobre el total de viajeros;2019;3,97
Mujeres;Total;Solo extranjero;Porcentaje sobre el total de viajeros;2018;4,5
Mujeres;Total;Solo extranjero;Porcentaje sobre el total de viajeros;2017;4,04
Mujeres;Total;Solo extranjero;Porcentaje sobre el total de viajeros;2016;4,08
Mujeres;Total;Solo extranjero;Porcentaje sobre el total de viajeros;2015;4,42
Mujeres;Total;España y extranjero;Porcentaje sobre personas de la categoría;2023;19,23
Mujeres;Total;España y extranjero;Porcentaje sobre personas de la categoría;2022;14,18
Mujeres;Total;España y extranjero;Porcentaje sobre personas de la categoría;2021;4,36
Mujeres;Total;España y extranjero;Porcentaje sobre personas de la categoría;2020;15,89
Mujeres;Total;España y extranjero;Porcentaje sobre personas de la categoría;2019;20,93
Mujeres;Total;España y extranjero;Porcentaje sobre personas de la categoría;2018;18,24
Mujeres;Total;España y extranjero;Porcentaje sobre personas de la categoría;2017;18,02
Mujeres;Total;España y extranjero;Porcentaje sobre personas de la categoría;2016;15,89
Mujeres;Total;España y extranjero;Porcentaje sobre personas de la categoría;2015;14,39
Mujeres;Total;España y extranjero;Porcentaje sobre el total de viajeros;2023;14,27
Mujeres;Total;España y extranjero;Porcentaje sobre el total de viajeros;2022;11,15
Mujeres;Total;España y extranjero;Porcentaje sobre el total de viajeros;2021;4,07
Mujeres;Total;España y extranjero;Porcentaje sobre el total de viajeros;2020;12,62
Mujeres;Total;España y extranjero;Porcentaje sobre el total de viajeros;2019;15,23
Mujeres;Total;España y extranjero;Porcentaje sobre el total de viajeros;2018;13,69
Mujeres;Total;España y extranjero;Porcentaje sobre el total de viajeros;2017;13,91
Mujeres;Total;España y extranjero;Porcentaje sobre el total de viajeros;2016;12,23
Mujeres;Total;España y extranjero;Porcentaje sobre el total de viajeros;2015;11,6
Mujeres;De 1 a 3 noches;Total;Porcentaje sobre personas de la categoría;2023;55,67
Mujeres;De 1 a 3 noches;Total;Porcentaje sobre personas de la categoría;2022;53,15
Mujeres;De 1 a 3 noches;Total;Porcentaje sobre personas de la categoría;2021;36,75
Mujeres;De 1 a 3 noches;Total;Porcentaje sobre personas de la categoría;2020;48,15
Mujeres;De 1 a 3 noches;Total;Porcentaje sobre personas de la categoría;2019;53,28
Mujeres;De 1 a 3 noches;Total;Porcentaje sobre personas de la categoría;2018;49,17
Mujeres;De 1 a 3 noches;Total;Porcentaje sobre personas de la categoría;2017;51,61
Mujeres;De 1 a 3 noches;Total;Porcentaje sobre personas de la categoría;2016;47,25
Mujeres;De 1 a 3 noches;Total;Porcentaje sobre personas de la categoría;2015;45,21
Mujeres;De 1 a 3 noches;Total;Porcentaje sobre el total de viajeros;2023;41,3
Mujeres;De 1 a 3 noches;Total;Porcentaje sobre el total de viajeros;2022;41,78
Mujeres;De 1 a 3 noches;Total;Porcentaje sobre el total de viajeros;2021;34,26
Mujeres;De 1 a 3 noches;Total;Porcentaje sobre el total de viajeros;2020;38,24
Mujeres;De 1 a 3 noches;Total;Porcentaje sobre el total de viajeros;2019;38,77
Mujeres;De 1 a 3 noches;Total;Porcentaje sobre el total de viajeros;2018;36,92
Mujeres;De 1 a 3 noches;Total;Porcentaje sobre el total de viajeros;2017;39,84
Mujeres;De 1 a 3 noches;Total;Porcentaje sobre el total de viajeros;2016;36,36
Mujeres;De 1 a 3 noches;Total;Porcentaje sobre el total de viajeros;2015;36,47
Mujeres;De 1 a 3 noches;Solo España;Porcentaje sobre personas de la categoría;2023;35,32
Mujeres;De 1 a 3 noches;Solo España;Porcentaje sobre personas de la categoría;2022;38,12
Mujeres;De 1 a 3 noches;Solo España;Porcentaje sobre personas de la categoría;2021;32,23
Mujeres;De 1 a 3 noches;Solo España;Porcentaje sobre personas de la categoría;2020;32,34
Mujeres;De 1 a 3 noches;Solo España;Porcentaje sobre personas de la categoría;2019;31,81
Mujeres;De 1 a 3 noches;Solo España;Porcentaje sobre personas de la categoría;2018;30,78
Mujeres;De 1 a 3 noches;Solo España;Porcentaje sobre personas de la categoría;2017;33,21
Mujeres;De 1 a 3 noches;Solo España;Porcentaje sobre personas de la categoría;2016;32,04
Mujeres;De 1 a 3 noches;Solo España;Porcentaje sobre personas de la categoría;2015;30,92
Mujeres;De 1 a 3 noches;Solo España;Porcentaje sobre el total de viajeros;2023;26,21
Mujeres;De 1 a 3 noches;Solo España;Porcentaje sobre el total de viajeros;2022;29,96
Mujeres;De 1 a 3 noches;Solo España;Porcentaje sobre el total de viajeros;2021;30,05
Mujeres;De 1 a 3 noches;Solo España;Porcentaje sobre el total de viajeros;2020;25,68
Mujeres;De 1 a 3 noches;Solo España;Porcentaje sobre el total de viajeros;2019;23,15
Mujeres;De 1 a 3 noches;Solo España;Porcentaje sobre el total de viajeros;2018;23,11
Mujeres;De 1 a 3 noches;Solo España;Porcentaje sobre el total de viajeros;2017;25,63
Mujeres;De 1 a 3 noches;Solo España;Porcentaje sobre el total de viajeros;2016;24,65
Mujeres;De 1 a 3 noches;Solo España;Porcentaje sobre el total de viajeros;2015;24,94
Mujeres;De 1 a 3 noches;Solo extranjero;Porcentaje sobre personas de la categoría;2023;2,57
Mujeres;De 1 a 3 noches;Solo extranjero;Porcentaje sobre personas de la categoría;2022;1,87
Mujeres;De 1 a 3 noches;Solo extranjero;Porcentaje sobre personas de la categoría;2021;..
Mujeres;De 1 a 3 noches;Solo extranjero;Porcentaje sobre personas de la categoría;2020;1,52
Mujeres;De 1 a 3 noches;Solo extranjero;Porcentaje sobre personas de la categoría;2019;2,08
Mujeres;De 1 a 3 noches;Solo extranjero;Porcentaje sobre personas de la categoría;2018;2,04
Mujeres;De 1 a 3 noches;Solo extranjero;Porcentaje sobre personas de la categoría;2017;1,77
Mujeres;De 1 a 3 noches;Solo extranjero;Porcentaje sobre personas de la categoría;2016;1,24
Mujeres;De 1 a 3 noches;Solo extranjero;Porcentaje sobre personas de la categoría;2015;1,62
Mujeres;De 1 a 3 noches;Solo extranjero;Porcentaje sobre el total de viajeros;2023;1,9
Mujeres;De 1 a 3 noches;Solo extranjero;Porcentaje sobre el total de viajeros;2022;1,47
Mujeres;De 1 a 3 noches;Solo extranjero;Porcentaje sobre el total de viajeros;2021;..
Mujeres;De 1 a 3 noches;Solo extranjero;Porcentaje sobre el total de viajeros;2020;1,21
Mujeres;De 1 a 3 noches;Solo extranjero;Porcentaje sobre el total de viajeros;2019;1,51
Mujeres;De 1 a 3 noches;Solo extranjero;Porcentaje sobre el total de viajeros;2018;1,53
Mujeres;De 1 a 3 noches;Solo extranjero;Porcentaje sobre el total de viajeros;2017;1,37
Mujeres;De 1 a 3 noches;Solo extranjero;Porcentaje sobre el total de viajeros;2016;0,95
Mujeres;De 1 a 3 noches;Solo extranjero;Porcentaje sobre el total de viajeros;2015;1,31
Mujeres;De 1 a 3 noches;España y extranjero;Porcentaje sobre personas de la categoría;2023;17,78
Mujeres;De 1 a 3 noches;España y extranjero;Porcentaje sobre personas de la categoría;2022;13,16
Mujeres;De 1 a 3 noches;España y extranjero;Porcentaje sobre personas de la categoría;2021;3,87
Mujeres;De 1 a 3 noches;España y extranjero;Porcentaje sobre personas de la categoría;2020;14,3
Mujeres;De 1 a 3 noches;España y extranjero;Porcentaje sobre personas de la categoría;2019;19,39
Mujeres;De 1 a 3 noches;España y extranjero;Porcentaje sobre personas de la categoría;2018;16,35
Mujeres;De 1 a 3 noches;España y extranjero;Porcentaje sobre personas de la categoría;2017;16,63
Mujeres;De 1 a 3 noches;España y extranjero;Porcentaje sobre personas de la categoría;2016;13,97
Mujeres;De 1 a 3 noches;España y extranjero;Porcentaje sobre personas de la categoría;2015;12,66
Mujeres;De 1 a 3 noches;España y extranjero;Porcentaje sobre el total de viajeros;2023;13,19
Mujeres;De 1 a 3 noches;España y extranjero;Porcentaje sobre el total de viajeros;2022;10,34
Mujeres;De 1 a 3 noches;España y extranjero;Porcentaje sobre el total de viajeros;2021;3,61
Mujeres;De 1 a 3 noches;España y extranjero;Porcentaje sobre el total de viajeros;2020;11,35
Mujeres;De 1 a 3 noches;España y extranjero;Porcentaje sobre el total de viajeros;2019;14,11
Mujeres;De 1 a 3 noches;España y extranjero;Porcentaje sobre el total de viajeros;2018;12,28
Mujeres;De 1 a 3 noches;España y extranjero;Porcentaje sobre el total de viajeros;2017;12,83
Mujeres;De 1 a 3 noches;España y extranjero;Porcentaje sobre el total de viajeros;2016;10,75
Mujeres;De 1 a 3 noches;España y extranjero;Porcentaje sobre el total de viajeros;2015;10,22
Mujeres;De 4 o más noches;Total;Porcentaje sobre personas de la categoría;2023;54,89
Mujeres;De 4 o más noches;Total;Porcentaje sobre personas de la categoría;2022;50,37
Mujeres;De 4 o más noches;Total;Porcentaje sobre personas de la categoría;2021;39,74
Mujeres;De 4 o más noches;Total;Porcentaje sobre personas de la categoría;2020;49,06
Mujeres;De 4 o más noches;Total;Porcentaje sobre personas de la categoría;2019;55,45
Mujeres;De 4 o más noches;Total;Porcentaje sobre personas de la categoría;2018;53,35
Mujeres;De 4 o más noches;Total;Porcentaje sobre personas de la categoría;2017;51,48
Mujeres;De 4 o más noches;Total;Porcentaje sobre personas de la categoría;2016;51,72
Mujeres;De 4 o más noches;Total;Porcentaje sobre personas de la categoría;2015;48,73
Mujeres;De 4 o más noches;Total;Porcentaje sobre el total de viajeros;2023;40,73
Mujeres;De 4 o más noches;Total;Porcentaje sobre el total de viajeros;2022;39,59
Mujeres;De 4 o más noches;Total;Porcentaje sobre el total de viajeros;2021;37,05
Mujeres;De 4 o más noches;Total;Porcentaje sobre el total de viajeros;2020;38,96
Mujeres;De 4 o más noches;Total;Porcentaje sobre el total de viajeros;2019;40,35
Mujeres;De 4 o más noches;Total;Porcentaje sobre el total de viajeros;2018;40,06
Mujeres;De 4 o más noches;Total;Porcentaje sobre el total de viajeros;2017;39,74
Mujeres;De 4 o más noches;Total;Porcentaje sobre el total de viajeros;2016;39,8
Mujeres;De 4 o más noches;Total;Porcentaje sobre el total de viajeros;2015;39,31
Mujeres;De 4 o más noches;Solo España;Porcentaje sobre personas de la categoría;2023;32,26
Mujeres;De 4 o más noches;Solo España;Porcentaje sobre personas de la categoría;2022;33,63
Mujeres;De 4 o más noches;Solo España;Porcentaje sobre personas de la categoría;2021;33,96
Mujeres;De 4 o más noches;Solo España;Porcentaje sobre personas de la categoría;2020;30,78
Mujeres;De 4 o más noches;Solo España;Porcentaje sobre personas de la categoría;2019;31,06
Mujeres;De 4 o más noches;Solo España;Porcentaje sobre personas de la categoría;2018;31,16
Mujeres;De 4 o más noches;Solo España;Porcentaje sobre personas de la categoría;2017;30,16
Mujeres;De 4 o más noches;Solo España;Porcentaje sobre personas de la categoría;2016;31,78
Mujeres;De 4 o más noches;Solo España;Porcentaje sobre personas de la categoría;2015;30,27
Mujeres;De 4 o más noches;Solo España;Porcentaje sobre el total de viajeros;2023;23,93
Mujeres;De 4 o más noches;Solo España;Porcentaje sobre el total de viajeros;2022;26,43
Mujeres;De 4 o más noches;Solo España;Porcentaje sobre el total de viajeros;2021;31,67
Mujeres;De 4 o más noches;Solo España;Porcentaje sobre el total de viajeros;2020;24,45
Mujeres;De 4 o más noches;Solo España;Porcentaje sobre el total de viajeros;2019;22,6
Mujeres;De 4 o más noches;Solo España;Porcentaje sobre el total de viajeros;2018;23,4
Mujeres;De 4 o más noches;Solo España;Porcentaje sobre el total de viajeros;2017;23,28
Mujeres;De 4 o más noches;Solo España;Porcentaje sobre el total de viajeros;2016;24,45
Mujeres;De 4 o más noches;Solo España;Porcentaje sobre el total de viajeros;2015;24,41
Mujeres;De 4 o más noches;Solo extranjero;Porcentaje sobre personas de la categoría;2023;4,57
Mujeres;De 4 o más noches;Solo extranjero;Porcentaje sobre personas de la categoría;2022;3,61
Mujeres;De 4 o más noches;Solo extranjero;Porcentaje sobre personas de la categoría;2021;1,76
Mujeres;De 4 o más noches;Solo extranjero;Porcentaje sobre personas de la categoría;2020;3,11
Mujeres;De 4 o más noches;Solo extranjero;Porcentaje sobre personas de la categoría;2019;4,49
Mujeres;De 4 o más noches;Solo extranjero;Porcentaje sobre personas de la categoría;2018;4,92
Mujeres;De 4 o más noches;Solo extranjero;Porcentaje sobre personas de la categoría;2017;4,41
Mujeres;De 4 o más noches;Solo extranjero;Porcentaje sobre personas de la categoría;2016;4,63
Mujeres;De 4 o más noches;Solo extranjero;Porcentaje sobre personas de la categoría;2015;4,79
Mujeres;De 4 o más noches;Solo extranjero;Porcentaje sobre el total de viajeros;2023;3,39
Mujeres;De 4 o más noches;Solo extranjero;Porcentaje sobre el total de viajeros;2022;2,84
Mujeres;De 4 o más noches;Solo extranjero;Porcentaje sobre el total de viajeros;2021;1,64
Mujeres;De 4 o más noches;Solo extranjero;Porcentaje sobre el total de viajeros;2020;2,47
Mujeres;De 4 o más noches;Solo extranjero;Porcentaje sobre el total de viajeros;2019;3,27
Mujeres;De 4 o más noches;Solo extranjero;Porcentaje sobre el total de viajeros;2018;3,69
Mujeres;De 4 o más noches;Solo extranjero;Porcentaje sobre el total de viajeros;2017;3,41
Mujeres;De 4 o más noches;Solo extranjero;Porcentaje sobre el total de viajeros;2016;3,56
Mujeres;De 4 o más noches;Solo extranjero;Porcentaje sobre el total de viajeros;2015;3,86
Mujeres;De 4 o más noches;España y extranjero;Porcentaje sobre personas de la categoría;2023;18,06
Mujeres;De 4 o más noches;España y extranjero;Porcentaje sobre personas de la categoría;2022;13,13
Mujeres;De 4 o más noches;España y extranjero;Porcentaje sobre personas de la categoría;2021;4,01
Mujeres;De 4 o más noches;España y extranjero;Porcentaje sobre personas de la categoría;2020;15,16
Mujeres;De 4 o más noches;España y extranjero;Porcentaje sobre personas de la categoría;2019;19,9
Mujeres;De 4 o más noches;España y extranjero;Porcentaje sobre personas de la categoría;2018;17,27
Mujeres;De 4 o más noches;España y extranjero;Porcentaje sobre personas de la categoría;2017;16,91
Mujeres;De 4 o más noches;España y extranjero;Porcentaje sobre personas de la categoría;2016;15,31
Mujeres;De 4 o más noches;España y extranjero;Porcentaje sobre personas de la categoría;2015;13,67
Mujeres;De 4 o más noches;España y extranjero;Porcentaje sobre el total de viajeros;2023;13,4
Mujeres;De 4 o más noches;España y extranjero;Porcentaje sobre el total de viajeros;2022;10,32
Mujeres;De 4 o más noches;España y extranjero;Porcentaje sobre el total de viajeros;2021;3,74
Mujeres;De 4 o más noches;España y extranjero;Porcentaje sobre el total de viajeros;2020;12,04
Mujeres;De 4 o más noches;España y extranjero;Porcentaje sobre el total de viajeros;2019;14,48
Mujeres;De 4 o más noches;España y extranjero;Porcentaje sobre el total de viajeros;2018;12,97
Mujeres;De 4 o más noches;España y extranjero;Porcentaje sobre el total de viajeros;2017;13,05
Mujeres;De 4 o más noches;España y extranjero;Porcentaje sobre el total de viajeros;2016;11,78
Mujeres;De 4 o más noches;España y extranjero;Porcentaje sobre el total de viajeros;2015;11,03
